Given_ID_Clean,Final ID,Missing ID or ID Uncertain,duplicated
zylphia,,?,False
zeal apple,,?,False
york sweeting,,?,False
york sweet,,?,False
york russett,pumpkin russet,,False
york russeting,pumpkin russet,,False
york russet,pumpkin russet,,False
york pippin,,?,False
york imperial,york imperial,,False
york imp.,york imperial,,False
york greening,,?,False
yellow transport,yellow transparent,,False
yellow transparent crab,transcendent crab,,False
yellow transparent,yellow transparent,,False
yellow transcendent crab,transcendent crab,,False
yellow sweet bough,sweet bough,,False
yellow sweet,sweet bough,,False
yellow strawberry,chenango strawberry,,False
yellow siberian crab,yellow siberian crab,,False
yellow siberian,yellow siberian crab,,False
yellow russet,,?,False
yellow porter,,?,False
yellow pearmaine,see clarke or golden pearmain,,False
yellow nonesuch,,?,False
yellow flat,winthrop greening,,False
yellow favorite,,?,False
yellow delicious,yellow delicious,,False
yellow bough,sweet bough,,False
yellow bellflower,yellow bellflower,,False
yellow bellfleur,yellow bellflower,,False
yellow belleflower,yellow bellflower,,False
yellow bellefleur,yellow bellflower,,False
yellow bell flower,yellow bellflower,,False
yellow,,?,False
yarmouth cathead,,?,False
worthley,wealthy,,False
world's wonder,world wonder,,False
worden seckel,worden seckel,,False
worcester russet,worcester sweet russet,,False
worcester apple,,?,False
woodpecker,baldwin,,False
woodcock,,?,False
woodbury,,?,False
wood sweet,wood sweet,,False
wonder sickel,worden seckel,,False
wolfe river,wolf river,,False
wolfbridge,walbridge,,False
wolf river,wolf river,,False
wolf,wolf river,,False
wismer's dessert,wismer,,False
winthrop seedling,winthrop greening,,False
winthrop greening,winthrop greening,,False
winthrop favorite,winthrop greening,,False
winterport greening,fall harvey,,False
winter wagner,,?,False
winter sweeting,danvers winter sweet,?,False
winter sweet russett,,?,False
winter sweet russet,,?,False
winter sweet,danvers winter sweet,?,False
winter strawberry,,?,False
winter seneca,,?,False
winter russett,,?,False
winter russet,,?,False
winter red sweet,,?,False
winter queen,,?,False
winter porter,,?,False
winter pippin,winter pippin,?,False
winter pearmain,winter pearmain,?,False
winter niles,winter nelis,,False
winter nellis,winter nelis,,False
winter nellie,winter nelis,,False
winter nelis,winter nelis,,False
winter mills,winter nelis,,False
winter mcintosh,,?,False
winter jeunette,ralls jenneting,?,False
winter jennetting,ralls jenneting,?,False
winter jennette,ralls jenneting,?,False
winter harvey,winter harvey,?,False
winter greening,winter greening,?,False
winter gravenstein,milding,,False
winter genitan,ralls jenneting,?,False
winter favorite,,?,False
winter crop,,?,False
winter crab,,?,False
winter calvert,calville blanc d'hiver,?,False
winter bough,winter bough,?,False
winter bells,,?,False
winter bellflower,,?,False
winter bell-flower,,?,False
winter bell,,?,False
winter bartlett,,?,False
winter banana,winter banana,,False
winter baldwin,,?,False
winter astrachan,,?,False
winter,,?,False
winslow proof,,?,False
winsap,winesap,,False
winn russet,winn russet,,False
winn,winn russet,,False
winesop,,?,False
winesaps,winesap,,False
winesap,winesap,,False
wine sops,sops of wine,,False
wine sap,winesap,,False
wine of corea,,?,False
wine apple,wine,,False
wine,wine,,False
winchester greening,winthrop greening,,False
win's favorite,william's favorite,,False
wilson red june,wilson red june,,False
willow twig,willow twig,,False
willow belflower,yellow bellflower,,False
willow,willow,?,False
williams' favorite,william's favorite,,False
williams favorite,william's favorite,,False
williams,william's favorite,,False
william's favorite,william's favorite,,False
william's early,william's favorite,,False
william farmer,william's favorite,,False
william,william's favorite,,False
wilkin's beauty,,?,False
wilding,milden,,False
whittier sweet,,?,False
whitelip,,?,False
whitefield,,?,False
white winter sweet,,?,False
white winter pear main,white pearmain,?,False
white winter,,?,False
white sweet,white sweet,?,False
white russet,,?,False
white rambo,white rambo,?,False
white pippin,,?,False
white pearmain,white winter pearmain,?,False
white loaf,white loaf,?,False
white juneating,white juneating,?,False
white graft,fall orange,,False
white giant,,?,False
white elephant,,?,False
white doyenne,,?,False
white crab,,?,False
white beauty,,?,False
white baldwin,,?,False
white astrachan,white astrachan,?,False
white ash,,?,False
white apple,,?,False
white,,?,False
whig,,?,False
wheatloaf,,?,False
wheatley,wealthy,,False
wheat loaves,,?,False
westfish seek no further,westfield seek no farther,,False
western apple,,?,False
wels apple,,?,False
well apple,,?,False
welch sweeting,,?,False
wealthy,wealthy,,False
wealthty,wealthy,,False
wax,,?,False
watertown sweets,,?,False
watertown sweet,,?,False
watermelon,water-melon,?,False
water core sweet,,?,False
water core apple,,?,False
water core,,?,False
washington sweet,pumpkin russet,?,False
washington strawberry,washington strawberry,,False
washington red,,?,False
washington pippin,,?,False
washington greening,washington royal,?,False
washington co. strawberry,washington strawberry,,False
washington baldwin,red canada,?,False
washington apple,washington strawberry,?,False
washington,washington strawberry,?,False
warren winter,,?,False
warren russet,roxbury russet,,False
warren greening,,?,False
wannofsky,tetofski,,False
walpole ledgings,,?,False
wallflower,,?,False
wallbridge,walbridge,,False
walker's beauty,walker beauty,?,False
walker sweet,see evans,?,False
walker beauty,walker beauty,?,False
waldridge,walbridge,?,False
walbridge,walbridge,?,True
walbridge,walbridge,,True
wagner greening,,?,False
wagner,wagener,,False
wagener,wagener,,False
wagence,wagener,,False
w. greening,,?,False
vura,vicar of winkfield,,False
vose sweet,,?,False
volkie,,?,False
victuals and drink,,?,False
victoria,,?,False
victor,,?,False
vicar of winkfield,vicar of winkfield,,False
vicar of winckfield,vicar of winkfield,,False
vicar of wakefield,vicar of winkfield,,False
vicar,vicar of winkfield,,False
vica of wakefield,vicar of winkfield,,False
vica,vicar of winkfield,,False
veromi,benoni,,False
vermont sweeting,,?,False
vermont sweet,,?,False
vermont greening,,?,False
vermont beauty,,?,False
vermont baldwin,,?,False
vermont,,?,False
vaughn,,?,False
vandivere,smokehouse,,False
vandevere,smokehouse,,False
van wick sweet crab,van wyck crab,,False
van dyke crab,van wyck crab,,False
vail baker,,?,False
urbaniste,urbaniste,,False
urbanist,urbaniste,,False
unnamed,,?,False
union russet,union russet,,False
union pippin,union pippin,,False
union greening,,?,False
union,,?,False
uncle thomas,,?,False
tyson,tyson,,False
tyron,tyson,,False
tyler,,?,False
two ounce,twenty ounce,,False
twin apple,,?,False
twigged greening,,?,False
twig russett,golden russet of western new york,,False
twenty—ounce,twenty ounce,,False
twenty-ounce stripe,,?,False
twenty-ounce,twenty ounce,,False
twenty oz.,twenty ounce,,False
twenty ounce sweet,,?,False
twenty ounce pippins,twenty ounce pippin,,False
twenty ounce pippin,twenty ounce pippin,,False
twenty ounce n. y. pippin,twenty ounce pippin,?,False
twenty ounce greening,,?,False
twenty ounce,twenty ounce,,False
twentieth century,,?,False
twelve oz.,,?,False
tuscarora,,?,False
true's beauty,,?,False
troop favorite,,?,False
trenhausen,,?,False
transparent crab,transcendent crab,,False
transparent,yellow transparent,,False
translucent crab,transcendent crab,,False
transendent,transcendent crab,,False
transcendent crab,transcendent crab,,False
transcendent,transcendent crab,,False
transcendant crab,transcendent crab,,False
townsend,,?,False
touch me not,,?,False
total,,?,False
tompkins kings,king of tompkins county,,False
tompkins king,king of tompkins county,,False
tompkins,king of tompkins county,,False
tompkin,king of tompkins county,,False
tomkin,king of tompkins county,,False
tomato crab,,?,False
tomato,,?,False
tolman's sweet,tolman sweet,,False
tolman sweeting,tolman sweet,,False
tolman sweet,tolman sweet,,False
tolman,tolman sweet,,False
tollman sweet,tolman sweet,,False
tippecanoe,,?,False
tillman sweet,tolman sweet,,False
three sweet,,?,False
thomson sweet,,?,False
thompson sweet,,?,False
thompson,,?,False
thompkins,king of tompkins county,,False
thompkin king,king of tompkins county,,False
thomas sweet,,?,False
theobold sweet,,?,False
theabald,,?,False
the stripes,,?,False
thatcher,,?,False
tetopsky,tetofski,,False
tetopskey,tetofski,,False
tetophsky,tetofski,,False
tetofsky,tetofski,,False
tetanakee,tetofski,,False
terston russet,,?,False
telephone,,?,False
taylor,,?,False
talmon sweet,tolman sweet,,False
talman's sweet,tolman sweet,,False
talman sweeting,tolman sweet,,False
talman sweet,tolman sweet,,False
tallman sweet,tolman sweet,,False
tallam sweets,tolman sweet,,False
syracuse beauty,,?,False
sycle,,?,False
swoon,,?,False
sweeting,,?,False
sweetburg,,?,False
sweet wagner,,?,False
sweet van wyck crab,,?,False
sweet sixteen,,?,False
sweet russett,,?,False
sweet russet winter,massachusetts sweet russet,?,False
sweet russet (winter),massachusetts sweet russet,?,False
sweet russet (fall),pumpkin russet,,False
sweet russet,,?,False
sweet porter,,?,False
sweet pippin,,?,False
sweet greening,sweet greening,,False
sweet golden russet,,?,False
sweet glory nunde,gloria mundi of maine,,False
sweet gloria mundi,gloria mundi of maine,,False
sweet fall,,?,False
sweet cress,,?,False
sweet crab,,?,False
sweet chestnut,,?,False
sweet chester,,?,False
sweet brier,,?,False
sweet bower,sweet bough,,False
sweet bough,sweet bough,,False
sweet bangle,,?,False
sweet baldwin,sweet baldwin,,False
sweet,,?,False
sware,swaar,,False
swar,swaar,,False
swansee beauty,,?,False
swan's orange,onondaga,,False
swan apple,,?,False
swaar,swaar,,False
sutton's beauty,sutton beauty,,False
sutton beauty,sutton beauty,,False
sutton,sutton beauty,,False
susan,,?,False
superb winter sweet,superb sweet,,False
superb sweet,superb sweet,,False
super spitzenburg,,?,False
sunset,,?,False
sunrise,,?,False
sunflower,,?,False
summer sweeting,,?,False
summer sweet russet,,?,False
summer sweet paradise,summer sweet paradise,?,False
summer sweet,,?,False
summer surprise,,?,False
summer strawberry,early strawberry,,False
summer russet,,?,False
summer rambo,,?,False
summer queen,summer queen,,False
summer porter,,?,False
summer pear,,?,False
summer greening,,?,False
summer graft,,?,False
summer apple,,?,False
sultan beauty,,?,False
sugar sweet,sugar sweet,,False
sugar,sugar sweet,,False
sudbury sweet,sudbury,?,False
sub acid,,?,False
stump (of greene),stump of greene,,False
stump,stump,,False
stulp,stump,,False
stubbs seedling,stubb's seedling,,False
stubb seedling,stubb's seedling,,False
striped winter,,?,False
striped sweet,,?,False
striped strawberry,,?,False
striped slack,,?,False
striped russet,,?,False
striped pippin,,?,False
striped pearmain,,?,False
striped martyrs,lyscom,,False
striped jenetin,,?,False
striped harvey,,?,False
striped graft,,?,False
striped fameuse,,?,False
striped everlasting,,?,False
striped bellflower,red bellflower,,False
striped bell's early,,?,False
striped,,?,False
stray beauty,,?,False
strawberry sweet,cummings sweet,,False
strawberry red,,?,False
strawberry porter,,?,False
strawberry baldwin,,?,False
strawberry apple,,?,False
strawberry,,?,False
stoughton russet,,?,False
storm sweet,,?,False
storks,stark,,False
stork,stark,,False
stone sweeting,stone sweet,?,False
stone sweet,stone sweet,?,False
stone,,?,False
stock,,?,False
stiles,,?,False
steymens winesap,staymens winesap,,False
stevens' genessee,,?,False
steven jennesel,,?,False
sterling sweet,,?,False
steele's winter red,red canada,,False
steele red,red canada,,False
steel red,red canada,,False
staymer winesop,staymens winesap,,False
staymen's winesap,staymens winesap,,False
staymans winesap,staymens winesap,,False
stayman's wine sap,staymens winesap,,False
stayman winesap,staymens winesap,,False
state of maine,,?,False
stars,stark,,False
starks delicious,starks delicious,,False
starking,starking delicious,,False
starkey,starkey,,False
starkee,starkey,,False
starke,starkey,?,False
stark delicious,starking delicious,,False
stark,stark,,False
star porter,,?,False
star,stark,,False
standard,stanard,,False
stanchfield's best,stanchfield's best,,False
st. michells,st. michael,,False
st. michael,st. michael,,False
st. lawrence,st. lawrence,,False
st. lawarence,st. lawrence,,False
st. johnsbury sweet,st. johnsbury,,False
st. ghislain,st. ghislain,,False
st. gesilaine,st. ghislain,,False
spy,northern spy,,False
spur sweet,spurr sweet,,False
spring sweet,,?,False
spring russett,,?,False
sponge sweet,,?,False
sponge russett,sponge russet,,False
sponge russet,sponge russet,,False
sponce russet,sponge russet,,False
spitzenbury,esopus spitzenburg,,False
spitzenburg,esopus spitzenburg,,False
spitzenberg pearmain,,?,False
spitzenberg,esopus spitzenburg,,False
spitzbergen,esopus spitzenburg,,False
spitzberg,esopus spitzenburg,,False
spitz bergen,esopus spitzenburg,,False
spicy red,,?,False
spicy quince,quince of coxe,?,False
spice sweeting,spice sweet,,False
spice sweet,spice sweet,,False
spice russet,spice russet,,False
spice apple,spice sweet,,False
spice,spice sweet,,False
spec pheasant,peck's pleasant,,False
spaulding,,?,False
souvenir du congress,souvenir du congress,,False
souvenir decongress,souvenir du congress,,False
souvenir de congress,souvenir du congress,,False
southern darkey,arkansas black,,False
sour russett,,?,False
sour crab,,?,False
sour bough,champlain,,False
sorrett,russett,,False
sopsavine,sops of wine,,False
sops-of-wine,sops of wine,,False
sops of wine,sops of wine,,False
something,,?,False
somerset beauty,,?,False
somerset,somerset,,False
somersert,somerset,,False
soldat laboreur,solldat laboureur,,False
solcen bell,golden ball,,False
soamid,,?,False
snowflake,,?,False
snowfield,,?,False
snowball,fameuse,,False
snow flake,,?,False
snow ball,fameuse,,False
snow apple,fameuse,,False
snow,fameuse,,False
smyth's cider,smith's cider,,False
smoke house,smokehouse,,False
smith's sweet,smith's sweet,,False
smith's favorite,smith's favorite,,False
smith's fameuse seedling,smith's fameuse seedling,,False
smith's cider,smith's cider,,False
smith sweet,smith's sweet,,False
smith cider,smith's cider,,False
slinton,,?,False
sledge sweeting,ledge sweet,,False
slactory victory,,?,False
simpson,,?,False
silver crest,,?,False
sickle,seckel,,False
sickel,seckel,,False
sibicum,,?,False
siberian russet,,?,False
siberian crab,,?,False
siberian august,july,,False
shropshirevine,sops of wine,,False
shiewassia beauty,shiawasse beauty,,False
shiawassee beauty,shiawasse beauty,,False
sherwood's favorite,chenango strawberry,,False
sherwood favorite,chenango strawberry,,False
shendon,sheldon,,False
sheldon,sheldon,,False
shekal,seckel,,False
sheeps nose,black gilliflower,,False
sheepnose,black gilliflower,,False
shapleigh apple,shapleigh apple,,False
seventy ounce,,?,False
september sweet,,?,False
sengrianna,,?,False
senator,oliver,,False
selkirk,seckel,,False
sekel,seckel,,False
seeks,westfield seek no farther,,False
seekonk,seekonk,,False
seek-no-further,westfield seek no farther,,False
seek-no-farther,westfield seek no farther,,False
seek no further,westfield seek no farther,,False
seek no farther,westfield seek no farther,,False
seek,westfield seek no farther,,False
seedling bartlett,seedling bartlett,,False
seckle,seckel,,False
seckel,seckel,,False
seaver,seaver,?,False
scott's winter,scott's winter,,False
scott's favorite,,?,False
scott winter,scott's winter,,False
scotch winter,scott's winter,,False
scotch sweet,scott's winter,,False
schoolhouse,,?,False
scarlet pearmain,,?,False
scarlet crab,,?,False
sawyer sweet,,?,False
savoy,,?,False
savage,,?,False
sassafras sweet,haskell,,False
sarah,sarah,,False
sapson,sops of wine,,False
salome,salome,,False
salem russett,roxbury russet,,False
rutter,rutter,,False
rutta,rutter,,False
russian sweet,,?,False
russian red,,?,False
russian no. 27 m.,,?,False
russian iron-clad no. 4,,?,False
russian favorite,,?,False
russian crab,,?,False
russian,,?,False
russett sweet,,?,False
russett pairmain,hunt russet,,False
russett,,?,False
russet sweet,,?,False
russet permaine,hunt russet,,False
russet golden,,?,False
russet baldwin,russet baldwin,,False
russet (green),,?,False
russet,,?,False
russell,russell,,False
rusill,russell,,False
rush,,?,False
ruby red,,?,False
rubicon,rubicon,,False
royal table,royal table,,False
royal sweet,royal sweet,,False
royal red,,?,False
royal pearmain,herefordshire pearmain,,False
roxby russett,roxbury russet,,False
roxbury sweet,,?,False
roxbury russett,roxbury russet,,False
roxbury russet,roxbury russet,,False
roxbury ruperts,roxbury russet,,False
roxbury greening,,?,False
roxbury,roxbury russet,,False
rox. russet,roxbury russet,,False
rox russet,roxbury russet,,False
rowle's janet,rall's jannet,,False
round sweet,pound sweet,,False
roughskin,,?,False
rough and ready,,?,False
rostiezer,rostiezer,,False
ross,,?,False
rose of stomstead,,?,False
rose of standish,,?,False
romna,,?,False
romeo,,?,False
rome beauty,rome beauty,,False
rombo,rambo,,False
rombeau,rambo,,False
rolph,rolfe,,False
rolfe,rolfe,,False
rolf,rolfe,,False
rockwood,rockwood,,False
rockland beauty,rockland beauty,,False
rockingham stripe,,?,False
rock sweet,rock sweet,,False
rock russet,roxbury russet,,False
rock baldwin,,?,False
rochester baldwin,,?,False
robinson graft,,?,False
riverstone,ribston pippin,,False
riverside pippin,,?,False
river,river,,False
rising sun,,?,False
ripston pippin,ribston pippin,,False
ripley sweet,,?,False
rings sweet,,?,False
ridge beauty,,?,False
ribstone pippin,ribston pippin,,False
ribston pippin,ribston pippin,,False
ribston,ribston pippin,,False
ribbston pippin,ribston pippin,,False
ribbston,ribston pippin,,False
rhode island sweet,lyman's pumpkin sweet,,False
rhode island russet,perry russet,,False
rhode island quincy,,?,False
rhode island greenings,rhode island greening,,False
rhode island greening,rhode island greening,,False
rhoda sweet,,?,False
rex regent,roxbury russet,,False
rewarikee,pewaukee,,False
revarkin,,?,False
remsfield,,?,False
regulus,,?,False
redstone pippin,ribston pippin,,False
red-streak,,?,False
red winter sweet,,?,False
red winter,,?,False
red williams,william's favorite,,False
red william,william's favorite,,False
red unknown,,?,False
red transparent crab,red siberain crab,,False
red sweet,,?,False
red stripe,,?,False
red streak,twenty ounce,,False
red stone pippin,ribston pippin,,False
red stark,stark,,False
red spy,northern spy,,False
red siberian crab,red siberain crab,,False
red shropshrivine,sops of wine,,False
red sanad,red canada,,False
red russet,red russet,,False
red rome,rome beauty,,False
red reitingheimer,bietigheimer,,False
red pumpkin,ramsdell sweet,,False
red providence maine,,?,False
red porter,,?,False
red pippin,,?,False
red pearmaine,,?,False
red pearmain,,?,False
red mcintosh,mcintosh,,False
red june,red june,,False
red jewet,nodhead,,False
red harvey,,?,False
red gravenstein,gravenstein,,False
red granada,red canada,,False
red gold,,?,False
red flamingo,,?,False
red everlasting,greyhouse,,False
red dutch,duchess of oldenburg,,False
red detroit,detroit red,,False
red delicious,red delicious,,False
red crab,,?,False
red cheek,,?,False
red check greening,,?,False
red canada,canada red,,False
red brittenhanna,bietigheimer,,False
red breligheimer,bietigheimer,,False
red bitzheimer,bietigheimer,,False
red biddemere,bietigheimer,,False
red beterheimer,bietigheimer,,False
red beterguner,bietigheimer,,False
red betenhimer,bietigheimer,,False
red bertshesheimer,bietigheimer,,False
red bellflower,red bellflower,,False
red beitigheimer,bietigheimer,,False
red beitgheimer,bietigheimer,,False
red beauty,rome beauty,,False
red beatdoin,baldwin,,False
red baldwin,baldwin,,False
red astrakan,red astrachan,,False
red astrachan,red astrachan,,False
red astracan,red astrachan,,False
red and yellow harvey,,?,False
red and black,,?,False
rebson pippin,ribston pippin,,False
re par main,,?,False
rawler's jenet,rall's jannet,,False
rave ripe,,?,False
rauls gennett,rall's jannet,,False
rauber,,?,False
rattle box,,?,False
raspberry russet,,?,False
ransom sweet,ramsdell sweet,,False
ransom,ramsdell sweet,,False
ransacking,,?,False
randall sweet,ramsdell sweet,,False
ramsdell sweet,ramsdell sweet,,False
ramdell's sweet,ramsdell sweet,,False
rambough,rambo,,False
rambo,rambo,,False
ramba,rambo,,False
ram's horns,rams's horns,,False
raleigh,,?,False
rainbow,rambo,,False
r. i. sweeting,lyman's pumpkin sweet,,False
r. i. sweet,lyman's pumpkin sweet,,False
r. i. russet,perry russet,,False
r. i. pippin,,?,False
r. i. greening,rhode island greening,,False
r. i. gravenstein,rhode island greening,,False
"r. i, sweet",lyman's pumpkin sweet,,False
r. i greening,rhode island greening,,False
r s pippin,ribston pippin,,False
r i greening,rhode island greening,,False
quinine sweet,,?,False
quince sweeting,,?,False
quince sweet,,?,False
quince apple,,?,False
quince,cole's quince,,False
queens' pocket piece,queen's pocket,,False
queens choice,montreal crab,,False
queening,,?,False
queen's pocket,queen's pocket,,False
queen's choice,montreal crab,,False
queen sweeting,,?,False
queen sweet,,?,False
queen delight,,?,False
queen ann,,?,False
queen,,?,False
quebec winter sweet,quebec winter sweet,,False
quebec sweet,quebec winter sweet,,False
quaker beauty,quaker beauty crab,,False
putnam russet,roxbury russet,,False
purple winter,,?,False
purple crab,purple siberian crab,,False
purple blush crab,purple siberian crab,,False
puppy noses,,?,False
pumpkin sweeting,pumpkin russet,,False
pumpkin sweet,pumpkin russet,,False
pumpkin sour,,?,False
pumpkin,pumpkin russet,,False
prywate,primate,,False
province baldwin,,?,False
providence baldwin,,?,False
prospect greening,fall harvey,,False
prolific sweet,prolific sweet,,False
prolific,prolific,,False
princess,,?,False
prince rupert,,?,False
prince of the kitchen,,?,False
prime,,?,False
primate,primate,,False
pride of the orchard,queen of the orchard,,False
pride of maine,,?,False
pretainger,,?,False
president durward,,?,False
president duma,,?,False
president breonard,,?,False
president,president,,False
pratt's special,,?,False
pratt,,?,False
pr. l. greening,rhode island greening,,False
pound sweeting,lyman's pumpkin sweet,,False
pound sweet,lyman's pumpkin sweet,,False
pound russet,,?,False
pound royal,dyer,,False
pound pippin,fall pippin,,False
pound apple,gloria mundi,,False
pound,gloria mundi,,False
poughkeepsie russet,english russet,,False
poughkeepsie,english russet,,False
potter's sweet,leicester sweet,,False
potter sweet,leicester sweet,,False
portsmouth sweet,ledge sweet,,False
porter sweet,leicester sweet,,False
porter apple,porter,,False
porter,porter,,False
ponds sweet,lyman's pumpkin sweet,,False
pond sweeting,lyman's pumpkin sweet,,False
ponard sweet,lyman's pumpkin sweet,,False
pommie gris,pomme gris,,False
pomme gris,pomme gris,,False
pomme gess,pomme gris,,False
pomeroy,pomme gris,,False
pomegris,pomme gris,,False
pome royal,dyer,,False
pomagree,pomme gris,,False
points,,?,False
plum crab,plumb crab,,False
plain russet,,?,False
plain jennette,fall jennetting,,False
pittsfield,,?,False
pippins,,?,False
pippin,,?,False
pipin,,?,False
pinnate,primate,,False
pink cheek,,?,False
pine grove sweeting,,?,False
pinball sweet,,?,False
pin ball,,?,False
pike sweet,,?,False
pignose,,?,False
pie apple gravenstein,,?,False
pie apple,,?,False
phonix,,?,False
phoenix,,?,False
philadelphia pippin,fall pippin,,False
philadelphia broad,pennock,,False
phila. pearmain,,?,False
phila broad,pennock,,False
phil. stripe,,?,False
pewawkee,pewaukee,,False
pewaukie,pewaukee,,False
pewaukee,pewaukee,,False
pewauke,pewaukee,,False
pewankee,pewaukee,,False
pewakee,pewaukee,,False
pewaka,pewaukee,,False
peure gusi,pomme gris,,False
petofsky,tetofski,,False
peters apple,peter,,False
peter pan,,?,False
peter,peter,,False
persian crab,,?,False
perry's seedling,,?,False
perry's russet,perry russet,,False
perkins sweet,,?,False
perfect,perfect,,False
pennsylvania red,pennock,,False
pennock,pennock,,False
peneaukee,pewaukee,,False
penankee,pewaukee,,False
pelham sweet,pelham sweet,,False
peleg,,?,False
pefect,perfect,,False
peewuakee,pewaukee,,False
peewaukie,pewaukee,,False
peewaukee,pewaukee,,False
peewanskee,pewaukee,,False
peewankee,pewaukee,,False
peerless,peerless,,False
pecks pleasant,peck pleasant,,False
peckard baldwin,,?,False
peck's pleasure,peck pleasant,,False
peck's pleasant,peck pleasant,,False
peck's favorite,peck pleasant,,False
peck's,peck pleasant,,False
peck,peck pleasant,,False
peawaukee,pewaukee,,False
peawalkie,pewaukee,,False
peawakee,pewaukee,,False
pearmains,blue pearmain,,False
pearmain,blue pearmain,,False
pearl,,?,False
pear sye,,?,False
pear russet,,?,False
pear maine sweet,,?,False
pear apple,,?,False
peanwam,,?,False
peah apple,peach of montreal,,False
peachblow,peachblow,,False
peach tomato,,?,False
peach sweet,,?,False
peach blow,peachblow,,False
peach blossom,,?,False
peach bloom,,?,False
peach apple,peach of montreal,,False
peach,,?,False
peabody's sweet,peabody sweet,,False
peabody greening,peabody,,False
peabody early,peabody early,,False
pawaka,pewaukee,,False
patty sweet,,?,False
patterson sweet,,?,False
patent baldwin,,?,False
passe colmar,,?,False
parson's sweet,parson,,False
parlin,parlin,,False
parker sweet,parker sweet,,False
paragon,paragon,,False
paradise sweet,winter sweet paradise,,False
paradise d'autumn,,?,False
panelopy,,?,False
palmer,,?,False
pairmain,blue pearmain,,False
page,page,,False
packer,,?,False
packard,,?,False
oxford russet,,?,False
oxford beauty,,?,False
oxford,black oxford,,False
ox-heart,,?,False
our favorite,,?,False
ounce pippin,,?,False
oregon sweet,oregon sweet,,False
orchard sweet,,?,False
orange sweet,orange sweet,,False
orange spy,,?,False
orange spick,orange speck,,False
orange speck,orange speck,,False
orange porter,porter,,False
orange pippin,orange pippin,,False
orange pearmain,,?,False
orange greening,blenheim orange,,False
orange crab,orange crab,,False
orange apple,,?,False
orange,,?,False
orandaga,onondaga,,False
oplacent,opalescent,,False
opalescent,opalescent,,False
ontario,ontario,,False
onondago,onondaga,,False
onondaga,onondaga,,False
oliver sentinal,oliver,,False
oldenburg,duchess of oldenburg,,False
old-fashioned cathead,,?,False
old-fashioned baldwin,baldwin,,False
old sour apple,,?,False
old fashioned russet,,?,False
old fashioned greening,rhode island greening,,False
ohio pippin,ohio pippin,,False
october sweet,,?,False
ocean,,?,False
oak,,?,False
noyes,noyes,,False
nowest greening,northwest greening,,False
northwestern greening,northwest greening,,False
northwestern,northwest greening,,False
northwest greening,northwest greening,,False
northfield beauty,northfield beauty,,False
northern sweet,northern sweet,,False
northern spy,northern spy,,False
northern bell,northern bell,,False
northern,,?,False
north west greening,northwest greening,,False
north star,dudley winter,,False
noroton greening,northwest greening,,False
norman sweet,,?,False
norman,,?,False
nonsuch,hubbardston nonesuch,,False
nonpareil,,?,False
nonesuch,hubbardston nonesuch,,False
none-such,hubbardston nonesuch,,False
none-so-good,,?,False
none such,hubbardston nonesuch,,False
none other,,?,False
nolon apple,,?,False
nodhead,jewett's fine red,,False
nodheaad,jewett's fine red,,False
nod-head,jewett's fine red,,False
nod head,jewett's fine red,,False
no. star,dudley winter,,False
no. spy,northern spy,,False
no-name sweet,,?,False
no name,,?,False
nine oz.,deane,,False
nine ounce,deane,,False
niggerhead,,?,False
nickerson,nickerson,,False
nickajack,nickerjack,,False
nice,,?,False
newtown pippin,,?,False
newton sweeting,,?,False
newton sweet,,?,False
newton pippin,,?,False
newbury sweet,newbury sweet,,False
newark pippin,newark pippin,,False
new york sweet,new york sweet,,False
new york stripe,,?,False
new york stark,,?,False
new york russet,golden russet of western new york,,False
new york pride,,?,False
new york pippins,,?,False
new york pippin,,?,False
new york nodhead,,?,False
new york greening,,?,False
new york geneting,,?,False
new york fall pippin,,?,False
new york cathead,,?,False
new york bower,,?,False
new york baldwin,,?,False
new york,,?,False
new jersey pippin,,?,False
new gloucester ball,,?,False
new brunswick greening,new brunswick greening,,False
nelson,nelson,,False
nelly sye,,?,False
nature,,?,False
native sweet,,?,False
native snow,,?,False
native russet,,?,False
native greening,,?,False
native bellflower,,?,False
national ash,,?,False
nathan spy,northern spy,,False
nason,,?,False
napoleon,napoleon,,False
napolean,napoleon,,False
naples crab,,?,False
nancy,,?,False
naked limb greening,fall harvey,,False
n. y. sweeting,,?,False
n. y. sweet,,?,False
n. y. stripe,,?,False
n. y. spy,,?,False
n. y. seedling,,?,False
n. y. russett,golden russet of western new york,,False
n. y. russet,golden russet of western new york,,False
n. y. porter,,?,False
n. y. pippin,,?,False
n. y. nameless,,?,False
n. y. jinctuer,,?,False
n. y. harvey,,?,False
n. y. greening,,?,False
n. y. golden sweet,,?,False
n. y. geneting,,?,False
n. y. crab,,?,False
n. y. blush,,?,False
n. y. baldwin,,?,False
n. y. apple,,?,False
n. w. greening,northwest greening,,False
n. t. greening,,?,False
n. spy,northern spy,,False
n. j. sweet,,?,False
n. j. pippin,,?,False
n. h. sweet,,?,False
n. g. russet,golden russet of western new york,,False
n. e. greening,,?,False
n y stripe,,?,False
n e beauty,,?,False
myrick,,?,False
mutton apple,,?,False
munster,,?,False
munson's sweet,munson sweet,,False
munson sweet,munson sweet,,False
munson early,,?,False
munson,munson sweet,,False
mun's sweet,munson sweet,,False
mt. sweet,,?,False
mt. greening,,?,False
mountain sweet,,?,False
mountain strawberry,,?,False
mount vernon,,?,False
mother sweet,,?,False
mother of pearl,,?,False
mother apple,mother,,False
mother,mother,,False
moses wood,moses wood,,False
morton,,?,False
morse early,,?,False
morcean,,?,False
moore's sweet,,?,False
moore's seedling,,?,False
moor's river russet,,?,False
moody sweet,,?,False
moody,moody,,False
montreal peach,peach of montreal,,False
montreal beauty crab,montreal beauty crab,,False
monstoon,,?,False
monster pippin,gloria mundi,,False
monster apple,gloria mundi,,False
monson's sweet,munson sweet,,False
monson sweet,munson sweet,,False
monroe sweet,monroe sweet,,False
monmouth pippin,monmouth,,False
monmouth black twig,mammoth black twig,,False
monmouth,monmouth,,False
monmoth pippin,monmouth,,False
monarch,,?,False
molasses sweet,,?,False
mohawk,,?,False
mocher,,?,False
minnesota,,?,False
minister,minister,,False
milton,milton,,False
millwig,milden,,False
milding,milden,,False
mildew,milden,,False
milden,milden,,False
mild sour,,?,False
miland,milden,,False
middling,milden,,False
michigan greening,,?,False
michigan early harvest,,?,False
mexican,mexico,,False
merrill,,?,False
melon,melon,,False
mellon apple,melon,,False
mellen's favorite,,?,False
mellen sweet,,?,False
melden,milden,,False
mealy apple,,?,False
meallhy,wealthy,,False
mclellan,mclellan,,False
mcintosh red,mcintosh,,False
mcintosh,mcintosh,,False
mcclellan,mclellan,,False
mays apple,,?,False
maxim seedling,maxim seedling,,False
mawn,,?,False
mathews stripe,lyscom,,False
massachusetts porter,,?,False
mass. greening,,?,False
mason,,?,False
mary's apple,,?,False
martha's crab,martha crab,,False
martha stripe,lyscom,,False
martha crab,martha crab,,False
marston,marston,,False
marshal,,?,False
marling russet,,?,False
marie louise,marie louise,,False
maria louise,marie louise,,False
marguerite,,?,False
marengo crab,,?,False
marde maidens blush,,?,False
marblehead,,?,False
mansons sweet,munson sweet,,False
manson sweet,munson sweet,,False
manning,,?,False
mann's,mann,,False
mann apple,mann,,False
mann,mann,,False
manings elizabeth,,?,False
manchester strawberry,,?,False
man,mann,,False
mamoth cathead,,?,False
mammy sweet,,?,False
mammouth pippen,,?,False
mammoth sweet,,?,False
mammoth russet,,?,False
mammoth pippin,,?,False
mammoth greening,,?,False
mammoth,,?,False
mallet,,?,False
male carle,mela carla,,False
maith stripe,lyscom,,False
maine standard,,?,False
maine pippin,,?,False
maine northern spy,,?,False
maine harvey,,?,False
maine harvest,,?,False
maine greening,,?,False
maine beauty,,?,False
maine baldwin,,?,False
maine,mann,,False
main,,?,False
maidens blush,maiden blush,,False
maiden's blush,maiden blush,,False
maiden-blush,maiden blush,,False
maiden blush,maiden blush,,False
magog redstreak,magog redstreak,,False
magog red streak,magog redstreak,,False
magog,magog redstreak,,False
madison strawberry,washington strawberry,,False
madaline,madeleine,,False
mackintosh red,mcintosh,,False
mackintosh greening,mcintosh,,False
mackintosh,mcintosh,,False
macintosh red,mcintosh,,False
macintosh,mcintosh,,False
maan,mann,,False
m. w. greening,northwest greening,,False
m. beauty crab,montreal beauty crab,,False
lyscomb,lyscom,,False
lyscom,lyscom,,False
lymington (striped),,?,False
lutton beauty,sutton beauty,,False
lumberting,,?,False
luister twig,,?,False
lovejoy sweet,,?,False
lovage,,?,False
louise bonnie,louise bonne de jersey,,False
louise bonne de jersey,louise bonne de jersey,,False
louise bonne d'jersey,louise bonne de jersey,,False
louise bon de jersey,louise bonne de jersey,,False
louisa,louise bonne de jersey,,False
louis bonne de jersey,louise bonne de jersey,,False
lost tally,,?,False
loring sweet,,?,False
longfield,longfield,,False
longfellow,,?,False
long stem sweeting,baker sweet,,False
long stem sweet,baker sweet,,False
long stem,baker sweet,,False
long john,long john,,False
long graft,,?,False
long field,longfield,,False
loamice,,?,False
littlefield beauty,,?,False
little nonesuch,,?,False
liscomb,lyscom,,False
lincoln sweet,,?,False
lincoln pippin,winthrop greening,,False
lincoln,,?,False
limbertwig greening,fall harvey,,False
limbertwig,,?,False
limberting,,?,False
limberstring,,?,False
limber twig russet,golden russet of western new york,,False
limber twig greening,fall harvey,,False
limber twig,,?,False
limba twig,,?,False
lewis bon de jersey,louise bonne de jersey,,False
lester sweet,leicester sweet,,False
lemon sweet,,?,False
lemon apple,,?,False
lee,,?,False
leafless greening,fall harvey,,False
leafless,fall harvey,,False
lead apple,,?,False
lawson,,?,False
lawrence,st. lawrence,,True
lawrence,lawrence,,True
lawrence,,?,True
lawler,lawver,,False
late winter,,?,False
late sweet,,?,False
late strawberry,late strawberry,,False
late pippin,,?,False
late mcintosh,,?,False
late astrachan,,?,False
large yellow bough,sweet bough,,False
langfield,longfield,,False
lancaster,,?,False
lake,lake,,False
lady sweet,lady sweet,,False
lady suffield,,?,False
lady haley,,?,False
lady elgin crab,,?,False
lady crab,lady,,False
lady apple,lady,,False
ladies' sweeting,lady sweet,,False
ladies' sweet,lady sweet,,False
ladies sweet,lady sweet,,False
ladies blush,,?,False
ladie's sweet,lady sweet,,False
la rue,,?,False
kuffer,,?,False
koonce,,?,False
konkin red stripe,,?,False
knox greening,,?,False
knowlton sweet,,?,False
knowlton,,?,False
kingston russet,,?,False
kings pockit,,?,False
kings pocket,,?,False
king william,,?,False
king tompkins county,king of tompkins county,,False
king tompkins,king of tompkins county,,False
king tompkin,king of tompkins county,,False
king sweeting,,?,False
king sweet,,?,False
king pippin,,?,False
king philip sweet,,?,False
king of tompkins county,king of tompkins county,,False
king of tompkins co.,king of tompkins county,,False
king of tompkins,king of tompkins county,,False
king of thompkins co.,king of tompkins county,,False
king of franklin co.,,?,False
king of dilliam,,?,False
king edward,,?,False
king david,king david,,False
king,king of tompkins county,,False
kimball,winthrop greening,,False
kilmhill,kilham hill,,False
killum hill,kilham hill,,False
killham hill,kilham hill,,False
killhain hill,kilham hill,,False
killernhill,kilham hill,,False
killen hill,kilham hill,,False
killam hill,kilham hill,,False
kiffer,keiffer,,False
kieffer,keiffer,,False
keswick codling,keswick codlin,,False
kerwicks codlin,keswick codlin,,False
kenwick codlin,keswick codling,,False
kentuck red,,?,False
kennebec greening,winthrop greening,,False
kennebec,winthrop greening,,False
kellum hill,kilham hill,,False
kellomell,kilham hill,,False
keiffer,keiffer,,False
keeper,keiffer,,False
kavanah russett,kavanagh russet,,False
kavanah russet,kavanagh russet,,False
kavanagh graft,kavanagh russet,,False
kavanagh,kavanagh russet,,False
kaneas red,arkansas red,,False
kalm hill,killum hill,,False
justin,,?,False
juneating,fall jenneting,,False
jumbo,,?,False
julienne,,?,False
judy sweet,,?,False
joshua sweet,,?,False
joseph's choice,,?,False
jordan sweet,,?,False
jonathan sweet,,?,False
jonathan,jonathan,,False
johnson russet,,?,False
joe sweet,,?,False
jillyflower,black gilliflower,,False
jilly flower,black gilliflower,,False
jilliflower,black gilliflower,,False
jewetts,jewett's fine red,,False
jewett's fine red,jewett's fine red,,False
jersey sweeting,jersey sweet,,False
jersey sweet,jersey sweet,,False
jersey pippin,,?,False
jersey greening,,?,False
jersey crab,,?,False
jersey,,?,False
jenny swett,jersey sweet,,False
jennetting,,?,False
jennet's red,jewett's fine red,,False
jenetin,fall jenneting,,False
jelly flower,black gilliflower,,False
jelly crab,,?,False
jelly apple,black gilliflower,,False
jelliflower,black gilliflower,,False
jelley flower,black gilliflower,,False
jeffries,jeffries,,False
jeannette,fall jenneting,,False
jeanetting,fall jenneting,,False
january russet,,?,False
janettion,fall jenneting,,False
janetting,fall jenneting,,False
jacobs sweet,jacob sweet,,False
jacob's sweet,jacob sweet,,False
jacob sweet,jacob sweet,,False
jacksons best,jacksons best,,False
jackson sweet,,?,False
jackson greening,,?,False
jack sweet,,?,False
jabe,jabe,,False
italian russet,italian russet,,False
ironstone,,?,False
iron clad greening,,?,False
iron ball,,?,False
ingalls,,?,False
indian queen,indian queen,,False
improved pumpkin sweet,,?,False
improved greening,,?,False
improved fameuse,,?,False
improved ben davis,,?,False
imperial sweet,,?,False
imperial,,?,False
idaho,idaho,,False
hyssop crab,hyslop crab,,False
hysop crab,hyslop crab,,False
hyslops crab,hyslop crab,,False
hyslop crab,hyslop crab,,False
hyslop,hyslop crab,,False
huston pippin,,?,False
hurlebut,hurlbut,,False
hurlbut,hurlbut,,False
hurlburt,hurlbut,,False
hurlbert stripe,hurlbut,,False
hurlbert,hurlbut,,False
hurbert,hurlbut,,False
hunter,,?,False
hunt's red,,?,False
hunt russett,hunt russet,,False
hunt russet,hunt russet,,False
hungarian crab,,?,False
hulbert,hurlbut,,False
hubertson monarch,hubbardston nonesuch,,False
hubbardstons nonesuch,hubbardston nonesuch,,False
hubbardstone,hubbardston nonesuch,,False
hubbardston's nonesuch,hubbardston nonesuch,,False
hubbardston nonsuch,hubbardston nonesuch,,False
hubbardston nonesuch,hubbardston nonesuch,,False
hubbardston none such,hubbardston nonesuch,,False
hubbardston,hubbardston nonesuch,,False
hubbardsten,hubbardston nonesuch,,False
hubbardstein,hubbardston nonesuch,,False
hubbardson's nonsuch,hubbardston nonesuch,,False
hubbardson nonsuch,hubbardston nonesuch,,False
hubbardson,hubbardston nonesuch,,False
hubbard nonesuch,hubbardston nonesuch,,False
hubbard,hubbardston nonesuch,,False
hub. nonsuch,hubbardston nonesuch,,False
hub. nonesuch,hubbardston nonesuch,,False
hub. non.,hubbardston nonesuch,,False
hoyt's sweet,hoyt,,False
hoyt sweet,hoyt,,False
hoyt,hoyt,,False
howell winter,,?,False
howell,howell,,False
howe,,?,False
houston,,?,False
house,,?,False
houdan,,?,False
horther,mother,,False
honey sweet,cummings sweet,,True
honey sweet,,?,True
honey pink,honey pink,,False
honey,,?,False
home sweet,holmes sweet,,False
holman's russet,holman russet,,False
holman sweet,tolman sweet,,False
holman russet,holman russet,,False
holly water,fallawater,,False
holly,holly or hawley,,True
holly,,?,True
holland pippin,,?,False
hobbs' best crab,hobbs' best crab,,False
hobbs favorite,hobbs favorite,,False
hislop crab,hyslop crab,,False
hilton,,?,False
hightop sweeting,hightop sweet,,False
hightop sweet,hightop sweet,,False
hightop,hightop sweet,,False
high-top sweet,hightop sweet,,False
high top sweeting,hightop sweet,,False
high top sweet,hightop sweet,,False
high sweet,hightop sweet,,False
higgins greening,,?,False
hibbs,,?,False
hess,,?,False
hersey greening,,?,False
herrman's favorite,,?,False
herlbert,hurlbut,,False
henrietta sweet,,?,False
hendrick's sweet,,?,False
henderson sweet,,?,False
head russet,kavanagh russet,,False
haynes sweet,,?,False
hayford's sweet,hayford sweet,,False
hayford's sour,hayford's sour,,False
hay boy,,?,False
hawthornden,hawthornden,,False
hawthawden,hawthornden,,False
hawley,hawley,,False
hautboy,,?,False
hass,haas,,False
haskell sweet,,?,False
harvey sweet,,?,False
harvey greening,fall harvey,,False
harvey apple,fall harvey,,False
harvey,fall harvey,,False
harvest sweet,,?,False
harvest queen,,?,False
harvest greenings,fall harvey,,False
harvest,,?,False
harvard,,?,False
hartford sweet,,?,False
hartford,,?,False
hart's red,,?,False
hart's,,?,False
hardy's winter,,?,False
hardy sweet,,?,False
hardy greening,,?,False
hardy,beurre hardy,,True
hardy,,?,True
harding,,?,False
hard to beat,,?,False
hamilton graft,,?,False
hallowell pippin,,?,False
halbert,hurlbut,,False
hacked apple,,?,False
haas,haas,,False
haar,haas,,False
h. top sweet,hightop sweet,,False
h. nonesuch,hubbardston nonesuch,,False
gushee,gushee,,False
gurrington,,?,False
gurnthay,,?,False
gum golden,,?,False
guiner golden,grimes golden,,False
grimes' golden,grimes golden,,False
grimes golden pippin,grimes golden,,False
grimes golden,grimes golden,,False
grimes,grimes golden,,False
grime's golden,grimes golden,,False
grimace,,?,False
grey russet,pomme grise,,False
grey pippin,,?,False
greening,,?,False
green sweet,green sweet,,False
green russet,,?,False
green mountain,,?,False
green cooking,,?,False
green baldwin,,?,False
green,,?,False
great eastern,gravenstein,,False
gray russet,pomme grise,,False
graveston,gravenstein,,False
gravenstine,gravenstein,,False
gravenstein,gravenstein,,False
graveline,gravenstein,,False
graton pippin,,?,False
granite beauty,granite beauty,,False
granite,granite beauty,,False
granit beauty,granite beauty,,False
grandmother,grandmother,,False
grand sachem,,?,False
grand isle,,?,False
graden pippin,,?,False
governor,,?,False
gould's king,,?,False
gott apple,,?,False
gordon russet,,?,False
goodrich,,?,False
goodell,,?,False
goodale,goodale,,False
good minister,minister,,False
golden transparent,yellow transparent,,False
golden sweet,,?,False
golden russett quince,,?,False
golden russett,,?,False
golden russet,,?,False
golden royal,garden royal,,False
golden porter,,?,False
golden pippin,golden pippin,,True
golden pippin,,?,True
golden pearmain,,?,False
golden orb,golden ball,,False
golden harvest,,?,False
golden greening,,?,False
golden flower,,?,False
golden duchess,,?,False
golden delicious,yellow delicious,,False
golden crown,,?,False
golden crab,,?,False
golden bell,golden ball,,False
golden beauty,,?,False
golden ball,golden ball,,False
golden,,?,False
gold ball,golden ball,,False
goding royal,garden royal,,False
goddard,,?,False
glout morceau,,?,False
gloria mundy,gloria mundi,,False
gloria mundi,gloria mundi (of maine),,True
gloria mundi,gloria mundi,,True
gloria munch,gloria mundi,,False
glori mundi,gloria mundi,,False
girflin apple,,?,False
gillyflower,black gilliflower,,False
gilly flower,black gilliflower,,False
gilliflower,black gilliflower,,False
gillieflower,black gilliflower,,False
gillflower,black gilliflower,,False
gilley flower,black gilliflower,,False
gillaflower,black gilliflower,,False
gill flower,black gilliflower,,False
gilford sweet,,?,False
gilflower,black gilliflower,,False
gile flower,black gilliflower,,False
gilden beauty,,?,False
gideon,gideon,,False
gibson sweet,,?,False
giant beauty,granite beauty,,False
ghanvres,,?,False
germantown,,?,False
german red,,?,False
german prince,,?,False
germaine,,?,False
georgia,,?,False
genting,fall jenneting,,False
genniting,fall jenneting,,False
gennetts,fall jenneting,,False
gennett,fall jenneting,,False
genneting,fall jenneting,,False
geniton,fall jenneting,,False
genitin,fall jenneting,,False
genitan,fall jenneting,,False
geneva pippin,,?,False
genetting,fall jenneting,,False
genettin,fall jenneting,,False
genettie,fall jenneting,,False
geneton,fall jenneting,,False
genetin,fall jenneting,,False
genetian,fall jenneting,,False
general grant,general grant crab,,False
genatin,fall jenneting,,False
gen. grant,general grant crab,,False
gen ex,,?,False
geenating,fall genneting,,False
gardner sweet,,?,False
gardner,,?,False
gardiner sweet,garden sweet,,False
garden sweet,garden sweet,,True
garden sweet,,?,True
garden spice,,?,False
garden royal,garden royal,,True
garden royal,,?,True
garden rosy,garden royal,,False
garden pippin,,?,False
garden graft,,?,False
garden fruit,,?,False
garden flat,,?,False
garden beauty,,?,False
garden apple,,?,False
garden,,?,False
garber,,?,False
gans,gano,,False
gano,gano,,False
gang,gano,,False
gance,gano,,False
gana,gano,,False
galveston,,?,False
gale's pippin,,?,False
g mountain,,?,False
fulton,fulton,,False
fullman sweet,tolman sweet,,False
fullawater,fallawater,,False
frye apple,frye,,False
frye,frye,,False
french sweet,,?,False
french russet,kavanaugh russet,,False
french pomane,,?,False
french pippin,,?,False
french pearmain,,?,False
french pear,,?,False
french dwarf,,?,False
french crab,,?,False
fremont,fremont,,False
freemont,fremont,,False
fredric clapp,frederick clapp,,False
frederick clapp,frederick clapp,,False
franklin sweeting (striped),,?,False
franklin sweeting (red),,?,False
franklin sweeting,franklin sweet,,False
franklin sweet,franklin sweet,,False
franklin,franklin sweet,,False
franeuse,fameuse,,False
fountain,,?,False
foundling,foundling,,False
forsett graft,,?,False
forest favorite,,?,False
forbes favorite,,?,False
flushing spitsbergen,,?,False
florence,,?,False
fletcher sweet,fletcher sweet,,False
flemish beauty,flemish beauty,,False
flaxon vixon,,?,False
flanders favorite,,?,False
flanders,flanders,,False
fitchburg,,?,False
fishpiller,fishkill,,False
fishkill,fishkill,,False
fisher,,?,False
finch tree,,?,False
fesset,,?,False
feares,,?,False
favorite,william's favorite,,True
favorite,,?,True
faus apple,,?,False
farnes,,?,False
farmeuse,fameuse,,False
farmer's reward,,?,False
farmer's beauty,,?,False
farmer's apple,,?,False
farmer's,,?,False
farmease,fameuse,,False
famuse,fameuse,,False
famuese,fameuse,,False
famouse,fameuse,,False
famous blue,,?,False
fameuse,fameuse,,False
falmouth sweet,,?,False
falmouth pippin,,?,False
fallwater,fallawater,,False
fallsweather,fallawater,,False
fallowater,fallawater,,False
fallow water,fallawater,,False
falley water,fallawater,,False
fallawater,fallawater,,False
falla water,fallawater,,False
fall water,fallawater,,False
fall talman,,?,False
fall sweeting,,?,False
fall sweet russett,pumpkin russet,,False
fall sweet russet,pumpkin russet,,False
fall sweet,,?,False
fall strawberry,late strawberry,,True
fall strawberry,,?,True
fall spy,fall spy,,False
fall russett,,?,False
fall river,fallawater,,False
fall porter,porter,,False
fall pippin,fall pippin,,False
fall orange,fall orange,,False
fall jenning,fall jenneting,,False
fall jennetting,fall jenneting,,False
fall jennett,fall jenneting,,False
fall jenneting,fall jenneting,,False
fall jenetting,fall jenneting,,False
fall jenettan,fall jenneting,,False
fall jeaniting,fall jenneting,,False
fall jeanetting,fall jenneting,,False
fall jannetting,fall jenneting,,False
fall janet,fall jenneting,,False
fall hubbardston,,?,False
fall harvey greening,fall harvey,,False
fall harvey,fall harvey,,False
fall harvest,fall harvey,,False
fall greening,fall harvey,,True
fall greening,,?,True
fall gravenstein,,?,False
fall gentian,fall jenneting,,False
fall genneting,fall jenneting,,False
fall genitan,fall jenneting,,False
fall genetting,fall jenneting,,False
fall geneting,fall jenneting,,False
fall genetin,fall jenneting,,False
fall favorite,,?,False
fall baldwin,,?,False
falawater,fallawater,,False
fairbanks sweet,,?,False
fairbanks,fairbanks,,False
excelsior crab,,?,False
excelsior,,?,False
exalder,alexander,,False
eve's,,?,False
eureka red streak,twenty ounce,,False
esvalt,,?,False
english sweet,ramsdell sweet,,False
english russett,english russet,,False
english russet,english russet,,False
english oxford,,?,False
english greening,,?,False
english graft,,?,False
english,,?,False
emperor,,?,False
emerson,,?,False
elkhorn,elkhorn,,False
elizabeth,elizabeth,,False
eleren pippin,,?,False
eldorado russet,,?,False
eight ounce pippin,deane,,False
edmond's autumn,,?,False
edgecomb favorite,,?,False
eden beauty,eden beauty,,False
eatsom,,?,False
eaton sweet,,?,False
eastern queen,,?,False
eastern belle,eastern belle,,False
eastern bell,eastern belle,,False
easter beune,,?,False
early winter,,?,False
early williams,,?,False
early william,,?,False
early twin,,?,False
early transparent,yellow transparent,,False
early sweet bough,sweet bough,,False
early sweet,,?,False
early summer,,?,False
early strawberry,early strawberry,,False
early sour,,?,False
early scarlet,early scarlet,,False
early russian,,?,False
early russet,,?,False
early roxbury daggett,,?,False
early printon,,?,False
early mcintosh,,?,False
early joe,early joe,,False
early jennetting,,?,False
early jenneting,,?,False
early harvey,early harvest,,False
early harvest,early harvest,,False
early favorite,,?,False
early bough,sweet bough,,False
early blossom,,?,False
early bloomfield,,?,False
early bellflower,,?,False
early bell,,?,False
early autumn,,?,False
early augusta,,?,False
early august,,?,False
eagle,,?,False
"e, russett",,?,False
dyer,dyer,,False
dwarf baldwin,,?,False
dwarf,,?,False
dutchess of oldenburg,duchess of oldenburg,,False
dutchess dwarf,,?,False
dutchess de angulene,duchesse d'angouleme,,False
dutchess,duchess of oldenburg,,True
dutchess,,?,True
dutch coudle,,?,False
dutch codlin,,?,False
dunning,,?,False
dunmore,,?,False
duke of argola,,?,False
dudley's winter,dudley winter,,False
dudley winter,dudley winter,,False
dudley,dudley winter,,False
duchesse de ogdensburg,duchess of oldenburg,,False
duchesse de bordeaux,,?,False
duchesse de angonleme,duchesse d'angouleme,,False
duchesse d'angouleme,duchesse d'angouleme,,False
duchesse,,?,False
duchess pearmain,,?,False
duchess oldensburg,duchess of oldenburg,,False
duchess oldenburg,duchess of oldenburg,,False
duchess oldenberg,duchess of oldenburg,,False
duchess of oldenburgh,duchess of oldenburg,,False
duchess of oldenburg,duchess of oldenburg,,False
duchess of oldenbirg,duchess of oldenburg,,False
duchess of oldenberg,duchess of oldenburg,,False
duchess of odenburg,duchess of oldenburg,,False
duchess of columbia,,?,False
duchess of bordeaux,,?,False
duchess of berdsay,,?,False
duchess dongleme,duchesse d'angouleme,,False
duchess de bordeaux,,?,False
duchess de beaux,,?,False
duchess de argouline,duchesse d'angouleme,,False
duchess de angouline,duchesse d'angouleme,,False
duchess de angouleme,duchesse d'angouleme,,False
duchess d'augouleme,duchesse d'angouleme,,False
duchess d'angoulleme,duchesse d'angouleme,,False
duchess d'angouleme,duchesse d'angouleme,,False
duchess d'anglorinne,duchesse d'angouleme,,False
duchess d' angouleme,duchesse d'angouleme,,False
duchess angouleme,duchesse d'angouleme,,False
duchess,duchesse d'angouleme,,True
duchess,duchess of oldenburg,,True
duchess,,?,True
drap d'or,drap d'or,,False
doynne bosworth,,?,False
doyenne d'ete,,?,False
doyenne boussock,,?,False
doyenne bosc,,?,False
doyenne,,?,False
doyen white,,?,False
dover favorites,,?,False
double gill flower,,?,False
dorset,,?,False
donne bussock,,?,False
domino,,?,False
dominie,,?,False
dollar apple,,?,False
dodd,,?,False
doctor brooks,,?,False
dian,,?,False
detroit,,?,False
derby pippin,derby pippin,,False
delicious,red delicious,,False
deleware red winter,lawver,,False
delaware,lawver,,False
deceiver,,?,False
deane,deane,,False
dean,deane,,False
de tanga,,?,False
de anjou,beurre d'anjou,,True
de anjou,,?,True
de angean,,?,False
davis,,?,False
danyon,,?,False
danvers winter sweet,danvers winter sweet,,False
danvers sweet,danvers winter sweet,,False
danvers,danvers winter sweet,,False
danver's winter sweet,danvers winter sweet,,False
dano,gano,,False
dana's hovey,dana hovey,,False
dampe,,?,False
daldenburg,duchess of oldenburg,,False
dakota red,,?,False
daily sweet,,?,False
d'anjou,,?,False
cuthburt,hurlbut,,False
cuthbert,hurlbut,,False
cummings sweet,cummings sweet,,False
cummings greening,,?,False
cummings,,?,False
culvert,colvert,,False
cubfola,,?,False
crystal beauty,crystal beauty,,False
crown apple,,?,False
crow sweet,,?,False
cross orange,,?,False
crimson beauty,crimson beauty,,False
creased apple,,?,False
cream yellow,,?,False
crane pippin,ortley,,False
cranberry pippin,cranberry pippin,,False
cranberry crab,,?,False
cranberry,cranberry pippin,,False
craig's pearmain,,?,False
cowel,,?,False
corvenere de aneress,,?,False
cortland,cortland,,False
cornish greening,,?,False
corner apple,,?,False
corn sweet,,?,False
corn field apples,,?,False
coopers market,cooper's market,,False
cooper's market,cooper's market,,False
cooper market,cooper's market,,False
cook's sweet,,?,False
cook,cook,,False
cony sweet,,?,False
connecticut winter sweet,,?,False
connecticut king,,?,False
connecticut greening,,?,False
congress,souvenir de congress,,True
congress,congress,,True
concord,,?,False
common sweet,,?,False
common russets,,?,False
common russet,,?,False
common cathead,,?,False
colvert,colvert,,False
columbus,columbus,,False
color quince,cole's quince,,False
colooct,,?,False
collins,collins,,False
cole's quince,cole's quince,,False
cole quince,cole's quince,,False
colcord sweet,colcord sweet,,False
codling,,?,False
coburn sweet,,?,False
cobert,colvert,,False
clyde beauty,clyde,,False
cluster crab,,?,False
clie's beauty,clyde,,False
clerga,,?,False
cleaga,,?,False
clarke,,?,False
clark's favorite,,?,False
clark sweet,,?,False
clark,clark,,False
clapps favorite,clapp favorite,,False
clapps,clapp favorite,,False
clapp's favorite,clapp favorite,,False
clapp favorite,clapp favorite,,False
clap's favorite,clapp favorite,,False
clajeris favorite,clapp favorite,,False
clairgeau,,?,False
cinch greening,,?,False
chute,,?,False
christmas sweet,,?,False
china,,?,False
children's choice,,?,False
chick's red,,?,False
chestnut,,?,False
cherry crab,,?,False
chenango strawberry,chenango strawberry,,False
chenango strakeberry,chenango strawberry,,False
chelmsford,,?,False
chase's jelly crab,,?,False
chase jelly crab,,?,False
chase apple,,?,False
champion,,?,False
chamberlain,,?,False
centini,,?,False
cayuga red stripe,twenty ounce,,False
cayuga red streak,twenty ounce,,False
cayuca red,twenty ounce,,False
cavanaugh,kavanaugh russet,,False
catskill,,?,False
cathead sweeting,,?,False
cathead sweet,,?,False
cathead russet,kavanaugh russet,,False
cathead,,?,False
cat-head,,?,False
cat head russett,kavanaugh russet,,False
cat head,,?,False
carroll sweet,,?,False
carleton,,?,False
capuamount,,?,False
cape cod,,?,False
canes,gano,,False
cane pippin,ortley,,False
candy red,,?,False
cananda red,red canada,,False
canadian red,red canada,,False
canadian greening,new brunswick greening,,False
canadian baldwin,canada baldwin,,False
canada stripe,,?,False
canada russet,canada reinette,,False
canada rennet,canada reinette,,False
canada reinsten,canada reinette,,False
canada reinett,canada reinette,,False
canada red,red canada,,False
canada porter,,?,False
canada pippin,,?,False
canada pearmain,,?,False
canada peach,montreal peach,,False
canada nonesuch,red canada,,False
canada greening,new brunswick greening,,False
canada baldwin,canada baldwin,,False
canada,,?,False
camper's market,cooper's market,,False
calvert,colvert,,False
caliph,calef,,False
california sweet,,?,False
california pippin,,?,False
california belleflower,,?,False
california,,?,False
caleph sweet,calef,,False
calef,calef,,False
cab. head russet,kavanaugh russet,,False
c. red streak,twenty ounce,,False
c h russet,kavanaugh russet,,False
buru d. anjou,beurre d'anjou,,False
burred' anjou,beurre d'anjou,,False
burre hardy,buerre hardy,,False
burre d'argou,beurre d'anjou,,False
burbank beauty,,?,False
burbank,,?,False
bumpus,,?,False
bullard sweet,,?,False
buffum,buffum,,False
buffam,buffum,,False
buffalo sweeting,,?,False
buerrer base,beurre bosc,,False
buerre hardy,beurre hardy,,False
buerre de anjou,beurre d'anjou,,False
buerre d'aremburg,beurre d'aremberg,,False
buerre d'anjou,beurre d'anjou,,False
buerre d'amanlis,beurre d'amanlis,,False
buerre clairgeau,beurre clairgeau,,False
buerre charrgean,beurre clairgeau,,False
buerre arigon,beurre d'anjou,,False
buell,,?,False
buck sweet,,?,False
buck,,?,False
brunswick pippin,,?,False
brown's best,,?,False
brown sweet,,?,False
brooks favorite,brooks favorite,,False
broadwell,,?,False
brinkles orange,,?,False
briggs auburn,briggs auburn,,False
bretymany,bietigheimer,,False
bretigheimer,bietigheimer,,False
bretegemer,bietigheimer,,False
brandywine,brandywine,,False
bran jean,,?,False
brackett,,?,False
boyd baldwin,,?,False
box russet,roxbury russet,,False
boussock,doyenne boussock,,False
bouey de jersey,,?,False
bottle greening,bottle greening,,False
bottle green,bottle greening,,False
bottle,bottle greening,,False
boston sweet,,?,False
boston red,,?,False
boston apple,,?,False
bosc,beurre bosc,,False
booad,,?,False
bonney de jersey,louise bonne de jersey,,False
bonne de jersey,louise bonne de jersey,,False
bonne d'jersey,louise bonne de jersey,,False
bonchreteen fondante,,?,False
boise,,?,False
boiken,boiken,,False
boardman,boardman,,False
blushing beauty,,?,False
blush,,?,False
bluepearmain,blue pearmain,,False
blue pomane,blue pearmain,,False
blue pearmaine,blue pearmain,,False
blue pearmain,blue pearmain,,False
blue pearmaide,blue pearmain,,False
blue pear maine,blue pearmain,,False
blue pear main,blue pearmain,,False
blue pear,blue pearmain,,False
blue paumaid,blue pearmain,,False
blue pairmain,blue pearmain,,False
blue oxford,black oxford,,False
blue norman,,?,False
blue mountain,,?,False
blue crab,,?,False
blue bell,,?,False
bloomfield's long stem sweet,,?,False
bloomfield porter,bloomfield,,False
bloomfield,bloomfield,,False
bloom,bloom,,False
bloodstone pippin,ribston pippin,,False
blood sweet,,?,False
blood pippin,,?,False
blk oxford,black oxford,,False
blenden pippin,blenheim orange,,False
blemans orange,blenheim orange,,False
blake sweet,,?,False
blake,,?,False
black winter,,?,False
black twig,,?,False
black sweet,blake sweet,,False
black russett,,?,False
black russet,,?,False
black oxofrd,black oxford,,False
black oxford,black oxford,,False
black knox,black oxford,,False
black gilly flower,black gilliflower,,False
black gilliflower,black gilliflower,,False
black gilflower,black gilliflower,,False
black fall,,?,False
black ben davis,black ben davis,,False
black ben,black ben davis,,False
black baldwin,black baldwin,,False
black apple,black oxford,,False
black,black oxford,,False
bl. b. davis,black ben davis,,False
bitter sweet,,?,False
bitinhammer,bietigheimer,,False
bismark,bismark,,False
big ben,,?,False
bicknell,,?,False
beverage,beverage,,False
beurre superfine,,?,False
beurre soldat,,?,False
beurre rose,,?,False
beurre hardy,beurre hardy,,False
beurre dill,beurre diel,,False
beurre diel,beurre diel,,False
beurre de aryon,beurre d'anjou,,False
beurre de anjou,beurre d'anjou,,False
beurre d'augin,beurre d'anjou,,False
beurre d'anjou,beurre d'anjou,,False
beurre d'amalis,beurre d'amanlis,,False
beurre d' anjou,beurre d'anjou,,False
beurre d. tryon,beurre d'anjou,,False
beurre claugean,beurre clairgeau,,False
beurre clarigeau,beurre clairgeau,,False
beurre clargeau,beurre clairgeau,,False
beurre clairgeau,beurre clairgeau,,False
beurre bosc,buerre bosc,,True
beurre bosc,beurre bosc,,True
beurre bos,beurre bosc,,False
beurre bass,beurre bosc,,False
beureayor,beurre d'anjou,,False
beune d'anjire,beurre d'anjou,,False
bethel,bethel,,False
bethal,bethel,,False
betenheines,bietigheimer,,False
bergamont sylvange,,?,False
berewe rose,,?,False
benton red,benton red,,False
benton,benton red,,False
benson's superfine,,?,False
benorie,benoni,,False
benoni,benoni,,False
benonah,benoni,,False
benne clairglaw,beurre clairgeau,,False
benjamin,,?,False
ben davis,ben davis,,False
ben dares,ben davis,,False
belmont beauty,,?,False
belmont,,?,False
bells sweet,sops of wine,,False
bells early,sops of wine,,False
bellflower,yellow bellflower,,False
bellfleur,yellow bellflower,,False
bellefluer,yellow bellflower,,False
belleflower,yellow bellflower,,False
bellefleur,yellow bellflower,,False
belle's favorite,sops of wine,,False
belle sue,,?,False
belle of lancaster,,?,False
belle n. franklin,,?,False
belle lucrative,belle lucrative,,False
belle flower,yellow bellflower,,False
belle et bonne,belle et bonne,,False
belle de boskoop,belle de boskoop,,False
bell's early,sops of wine,,False
bell lucrative,belle lucrative,,False
bell l.,belle lucrative,,False
bell flown,yellow bellflower,,False
bell flower,yellow bellflower,,False
bell apple,,?,False
bell,,?,False
belflower,yellow bellflower,,False
beet apple,,?,False
beehive,beehive,,False
beefsteak,beefsteak,,False
beef-steak,beefsteak,,False
beef steak,beefsteak,,False
bee stings,bee stings,,False
beauty sweet,,?,False
beauty of west,,?,False
beauty of the west,,?,False
beauty of sweden,beauty of sweden,,False
beauty of kind,beauty of kent,,False
beauty of kent,beauty of kent,,False
beauty kent,beauty of kent,,False
beauty flemish,,?,False
beauty,,?,False
beaurre d'anjou,beurre d'anjou,,False
beauce,beurre bosc,,False
beau ideal,,?,False
beau ambjean,beurre d'anjou,,False
beateamer,bietigheimer,,False
beangrau,,?,False
beane,deane,,False
be-an-jean,beurre d'anjou,,False
baxter,baxter,,True
baxter,,?,True
basket sweet,,?,False
basket apple,,?,False
basin sweet,,?,False
barton pippin,,?,False
bartlett sweet,,?,False
bartlett,bartlett,,False
barter,baxter,,False
barret greening,,?,False
barmer sweet,,?,False
barltett,bartlett,,False
barley sweet,,?,False
barkis,,?,False
barker red,,?,False
bare limb greening,fall harvey,,False
bare basque,beurre bosc,,False
banna,winter banana,,False
banfee,,?,False
banana sweet,,?,False
banana russet,banana russet,,False
banana apple,winter banana,,False
banana,winter banana,,False
baltimore pippin,,?,False
bally's sweet,bailey sweet,,False
ballister,,?,False
ball sweet,,?,False
ball pippin,fall pippin,,False
baldwin canada,canada baldwin,,False
baldwin,baldwin,,False
baking sweet,baker sweet,,False
baker's sweet,baker sweet,,False
baker sweet,baker sweet,,False
bailey's sweet,bailey sweet,,False
bailey sweet,bailey sweet,,False
b. de anjou,beurre d'anjou,,False
b. d. anjou,beurre d'anjou,,False
b. c. oxford,black oxford,,False
autumn sweet,,?,False
autumn strawberry,late strawberry,,False
austin sweet,,?,False
aunt hannah,aunt hannah,,False
august sweet,,?,False
august greening,,?,False
auburn sweet,,?,False
astrachan,red astrachan,,False
assumption,,?,False
aroostook sweeting,,?,False
arkansas red,arkansas,,False
arkansas black,arkansas black,,False
arkansas beauty,arkansas beauty,,False
arctic baldwin,arctic,,False
arctic,arctic,,False
araboskoe,arabaskoe,,False
anjou,beurre d'anjou,,False
anjon,beurre d'anjou,,False
anglo,beurre d'anjou,,False
american summer pearmain,american summer pearmain,,False
american russet,bullock,,False
american pippin,,?,False
american golden russet,bullock,,False
american golden pippin,,?,False
american blush,,?,False
american beauty,american beauty,,False
allen,,?,False
alexandria,alexander,,False
alexander,alexander,,False
adeline,,?,False
adelaide,,?,False
acme,acme,,False
abe lincoln,,?,False
,,?,False
